iso3,country,first_period,last_valid_period,valid_months_through_cutoff,complete_run_ending_at_cutoff,recent_reported_months,data_screening,cusum_eligibility,forecast_eligibility,revision_comparison
AFG,Afghanistan,2012-01,2026-06,174,174,60,CANDIDATE FOR METHOD VALIDATION,LIMITED,NOT VALIDATED,unavailable
AGO,Angola,2012-01,2026-06,164,18,50,NOT READY,NOT ELIGIBLE,NOT VALIDATED,unavailable
ALB,Albania,2012-01,2026-05,136,0,33,NOT READY,NOT ELIGIBLE,NOT VALIDATED,unavailable
AND,Andorra,2012-01,2021-01,109,0,0,NOT READY,NOT ELIGIBLE,NOT VALIDATED,unavailable
ARE,United Arab Emirates,2012-01,2026-06,174,174,60,CANDIDATE FOR METHOD VALIDATION,LIMITED,NOT VALIDATED,unavailable
ARG,Argentina,2015-01,2026-02,127,0,55,NOT READY,NOT ELIGIBLE,NOT VALIDATED,unavailable
ARM,Armenia,2012-01,2026-06,163,45,57,NOT READY,NOT ELIGIBLE,NOT VALIDATED,unavailable
ATG,Antigua and Barbuda,2016-04,2025-04,8,0,1,NOT READY,NOT ELIGIBLE,NOT VALIDATED,unavailable
AUS,Australia,2012-01,2026-06,137,20,42,NOT READY,NOT ELIGIBLE,NOT VALIDATED,unavailable
AUT,Austria,2012-01,2026-06,142,2,43,NOT READY,NOT ELIGIBLE,NOT VALIDATED,unavailable
AZE,Azerbaijan,2012-01,2026-06,157,7,53,NOT READY,NOT ELIGIBLE,NOT VALIDATED,unavailable
BDI,Burundi,2012-01,2026-06,170,125,60,CANDIDATE FOR METHOD VALIDATION,LIMITED,NOT VALIDATED,unavailable
BEL,Belgium,2012-01,2026-06,158,7,51,NOT READY,NOT ELIGIBLE,NOT VALIDATED,unavailable
BEN,Benin,2012-01,2026-06,174,174,60,CANDIDATE FOR METHOD VALIDATION,LIMITED,NOT VALIDATED,unavailable
BFA,Burkina Faso,2012-01,2026-06,172,42,58,NOT READY,NOT ELIGIBLE,NOT VALIDATED,unavailable
BGD,Bangladesh,2012-01,2026-06,174,174,60,CANDIDATE FOR METHOD VALIDATION,LIMITED,NOT VALIDATED,unavailable
BGR,Bulgaria,2012-01,2026-06,108,4,15,NOT READY,NOT ELIGIBLE,NOT VALIDATED,unavailable
BHR,Bahrain,2012-01,2026-06,174,174,60,CANDIDATE FOR METHOD VALIDATION,LIMITED,NOT VALIDATED,unavailable
BHS,Bahamas,2016-07,2026-04,21,0,14,NOT READY,NOT ELIGIBLE,NOT VALIDATED,unavailable
BIH,Bosnia and Herzegovina,2013-02,2025-03,114,0,33,NOT READY,NOT ELIGIBLE,NOT VALIDATED,unavailable
BLR,Belarus,2012-01,2026-06,168,163,60,CANDIDATE FOR METHOD VALIDATION,LIMITED,NOT VALIDATED,unavailable
BLZ,Belize,2015-01,2026-06,84,6,30,NOT READY,NOT ELIGIBLE,NOT VALIDATED,unavailable
BOL,Bolivia (Plurinational State of),2015-01,2026-06,138,138,60,CANDIDATE FOR METHOD VALIDATION,LIMITED,NOT VALIDATED,unavailable
BRA,Brazil,2014-01,2026-06,150,150,60,CANDIDATE FOR METHOD VALIDATION,LIMITED,NOT VALIDATED,unavailable
BRB,Barbados,2015-02,2026-06,93,44,47,NOT READY,NOT ELIGIBLE,NOT VALIDATED,unavailable
BRN,Brunei Darussalam,2012-01,2026-06,135,37,48,NOT READY,NOT ELIGIBLE,NOT VALIDATED,unavailable
BTN,Bhutan,2012-01,2026-05,149,0,59,NOT READY,NOT ELIGIBLE,NOT VALIDATED,unavailable
BWA,Botswana,2012-01,2026-05,151,0,48,NOT READY,NOT ELIGIBLE,NOT VALIDATED,unavailable
CAF,Central African Republic,2012-01,2026-06,171,71,60,CANDIDATE FOR METHOD VALIDATION,LIMITED,NOT VALIDATED,unavailable
CAN,Canada,2014-01,2026-06,106,21,40,NOT READY,NOT ELIGIBLE,NOT VALIDATED,unavailable
CHE,Switzerland,2012-01,2026-06,174,174,60,CANDIDATE FOR METHOD VALIDATION,LIMITED,NOT VALIDATED,unavailable
CHL,Chile,2015-01,2026-04,130,0,58,NOT READY,NOT ELIGIBLE,NOT VALIDATED,unavailable
CHN,China,2012-01,2026-06,173,42,59,NOT READY,NOT ELIGIBLE,NOT VALIDATED,unavailable
CIV,Côte d'Ivoire,2012-01,2026-06,174,174,60,CANDIDATE FOR METHOD VALIDATION,LIMITED,NOT VALIDATED,unavailable
CMR,Cameroon,2012-01,2026-06,174,174,60,CANDIDATE FOR METHOD VALIDATION,LIMITED,NOT VALIDATED,unavailable
COD,Democratic Republic of the Congo,2012-01,2026-06,174,174,60,CANDIDATE FOR METHOD VALIDATION,LIMITED,NOT VALIDATED,unavailable
COG,Congo,2012-01,2026-05,171,0,59,NOT READY,NOT ELIGIBLE,NOT VALIDATED,unavailable
COK,Cook Islands,2012-12,2026-06,15,1,6,NOT READY,NOT ELIGIBLE,NOT VALIDATED,unavailable
COL,Colombia,2015-01,2026-06,126,19,48,NOT READY,NOT ELIGIBLE,NOT VALIDATED,unavailable
COM,Comoros,2012-01,2026-06,112,7,51,NOT READY,NOT ELIGIBLE,NOT VALIDATED,unavailable
CPV,Cabo Verde,2012-09,2023-01,7,0,1,NOT READY,NOT ELIGIBLE,NOT VALIDATED,unavailable
CRI,Costa Rica,2015-01,2026-06,126,48,55,NOT READY,NOT ELIGIBLE,NOT VALIDATED,unavailable
CUB,Cuba,2014-01,2026-06,150,150,60,NOT READY,NOT ELIGIBLE,NOT VALIDATED,unavailable
CYP,Cyprus,2012-01,2025-09,95,0,16,NOT READY,NOT ELIGIBLE,NOT VALIDATED,unavailable
CZE,Czechia,2012-01,2026-04,110,0,19,NOT READY,NOT ELIGIBLE,NOT VALIDATED,unavailable
DEU,Germany,2012-01,2026-05,166,0,55,NOT READY,NOT ELIGIBLE,NOT VALIDATED,unavailable
DJI,Djibouti,2012-01,2026-06,49,6,44,NOT READY,NOT ELIGIBLE,NOT VALIDATED,unavailable
DMA,Dominica,2016-03,2026-04,9,0,7,NOT READY,NOT ELIGIBLE,NOT VALIDATED,unavailable
DNK,Denmark,2012-01,2025-12,91,0,19,NOT READY,NOT ELIGIBLE,NOT VALIDATED,unavailable
DOM,Dominican Republic,2015-01,2026-06,138,138,60,NOT READY,NOT ELIGIBLE,NOT VALIDATED,unavailable
DZA,Algeria,2012-01,2026-06,136,46,53,NOT READY,NOT ELIGIBLE,NOT VALIDATED,unavailable
ECU,Ecuador,2015-01,2026-03,75,0,39,NOT READY,NOT ELIGIBLE,NOT VALIDATED,unavailable
EGY,Egypt,2012-01,2025-12,168,0,54,NOT READY,NOT ELIGIBLE,NOT VALIDATED,unavailable
ERI,Eritrea,2012-01,2026-04,141,0,40,NOT READY,NOT ELIGIBLE,NOT VALIDATED,unavailable
ESP,Spain,2012-01,2026-06,166,45,56,NOT READY,NOT ELIGIBLE,NOT VALIDATED,unavailable
EST,Estonia,2012-01,2026-06,171,57,59,NOT READY,NOT ELIGIBLE,NOT VALIDATED,unavailable
ETH,Ethiopia,2012-01,2026-06,170,6,58,NOT READY,NOT ELIGIBLE,NOT VALIDATED,unavailable
FIN,Finland,2012-01,2025-08,93,0,10,NOT READY,NOT ELIGIBLE,NOT VALIDATED,unavailable
FJI,Fiji,2012-03,2026-06,172,172,60,CANDIDATE FOR METHOD VALIDATION,LIMITED,NOT VALIDATED,unavailable
FRA,France,2012-01,2026-06,161,42,53,NOT READY,NOT ELIGIBLE,NOT VALIDATED,unavailable
FSM,Micronesia (Federated States of),2012-12,2026-06,21,1,6,NOT READY,NOT ELIGIBLE,NOT VALIDATED,unavailable
GAB,Gabon,2012-01,2026-06,172,71,60,CANDIDATE FOR METHOD VALIDATION,LIMITED,NOT VALIDATED,unavailable
GBR,United Kingdom of Great Britain and Northern Ireland,2012-01,2026-06,153,50,51,NOT READY,NOT ELIGIBLE,NOT VALIDATED,unavailable
GEO,Georgia,2012-01,2026-06,172,68,60,CANDIDATE FOR METHOD VALIDATION,LIMITED,NOT VALIDATED,unavailable
GHA,Ghana,2012-01,2026-05,168,0,54,NOT READY,NOT ELIGIBLE,NOT VALIDATED,unavailable
GIN,Guinea,2012-01,2026-05,157,0,58,NOT READY,NOT ELIGIBLE,NOT VALIDATED,unavailable
GMB,Gambia,2012-01,2026-06,140,35,54,NOT READY,NOT ELIGIBLE,NOT VALIDATED,unavailable
GNB,Guinea-Bissau,2012-01,2025-12,31,0,28,NOT READY,NOT ELIGIBLE,NOT VALIDATED,unavailable
GNQ,Equatorial Guinea,2012-03,2026-06,133,5,48,NOT READY,NOT ELIGIBLE,NOT VALIDATED,unavailable
GRC,Greece,2012-01,2025-08,100,0,14,NOT READY,NOT ELIGIBLE,NOT VALIDATED,unavailable
GRD,Grenada,2015-02,2026-05,31,0,20,NOT READY,NOT ELIGIBLE,NOT VALIDATED,unavailable
GTM,Guatemala,2015-01,2026-06,137,42,59,NOT READY,NOT ELIGIBLE,NOT VALIDATED,unavailable
GUY,Guyana,2015-01,2025-04,73,0,20,NOT READY,NOT ELIGIBLE,NOT VALIDATED,unavailable
HND,Honduras,2015-01,2026-06,138,138,60,CANDIDATE FOR METHOD VALIDATION,LIMITED,NOT VALIDATED,unavailable
HRV,Croatia,2012-01,2025-07,114,0,16,NOT READY,NOT ELIGIBLE,NOT VALIDATED,unavailable
HTI,Haiti,2015-01,2026-06,137,118,60,NOT READY,NOT ELIGIBLE,NOT VALIDATED,unavailable
HUN,Hungary,2012-01,2026-05,146,0,53,NOT READY,NOT ELIGIBLE,NOT VALIDATED,unavailable
IDN,Indonesia,2012-01,2025-12,165,0,54,NOT READY,NOT ELIGIBLE,NOT VALIDATED,unavailable
IND,India,2014-01,2026-06,150,150,60,CANDIDATE FOR METHOD VALIDATION,LIMITED,NOT VALIDATED,unavailable
IRL,Ireland,2012-01,2026-06,133,1,29,NOT READY,NOT ELIGIBLE,NOT VALIDATED,unavailable
IRN,Iran (Islamic Republic of),2012-01,2026-01,169,0,55,NOT READY,NOT ELIGIBLE,NOT VALIDATED,unavailable
IRQ,Iraq,2012-01,2026-06,172,66,60,CANDIDATE FOR METHOD VALIDATION,LIMITED,NOT VALIDATED,unavailable
ISL,Iceland,2012-01,2026-01,92,0,3,NOT READY,NOT ELIGIBLE,NOT VALIDATED,unavailable
ISR,Israel,2012-01,2026-01,85,0,24,NOT READY,NOT ELIGIBLE,NOT VALIDATED,unavailable
ITA,Italy,2012-01,2026-06,169,62,60,CANDIDATE FOR METHOD VALIDATION,LIMITED,NOT VALIDATED,unavailable
JAM,Jamaica,2015-01,2026-06,113,29,50,NOT READY,NOT ELIGIBLE,NOT VALIDATED,unavailable
JOR,Jordan,2012-01,2026-06,152,40,58,NOT READY,NOT ELIGIBLE,NOT VALIDATED,unavailable
JPN,Japan,2012-01,2026-06,174,174,60,CANDIDATE FOR METHOD VALIDATION,LIMITED,NOT VALIDATED,unavailable
KAZ,Kazakhstan,2012-01,2026-06,153,42,57,NOT READY,NOT ELIGIBLE,NOT VALIDATED,unavailable
KEN,Kenya,2012-01,2026-06,169,6,55,NOT READY,NOT ELIGIBLE,NOT VALIDATED,unavailable
KGZ,Kyrgyzstan,2012-01,2026-04,146,0,57,NOT READY,NOT ELIGIBLE,NOT VALIDATED,unavailable
KHM,Cambodia,2012-01,2026-06,168,9,55,NOT READY,NOT ELIGIBLE,NOT VALIDATED,unavailable
KIR,Kiribati,2012-12,2026-06,15,1,6,NOT READY,NOT ELIGIBLE,NOT VALIDATED,unavailable
KNA,Saint Kitts and Nevis,2016-09,2026-03,12,0,5,NOT READY,NOT ELIGIBLE,NOT VALIDATED,unavailable
KOR,Republic of Korea,2012-01,2026-06,174,174,60,CANDIDATE FOR METHOD VALIDATION,LIMITED,NOT VALIDATED,unavailable
KWT,Kuwait,2012-01,2026-06,149,45,59,NOT READY,NOT ELIGIBLE,NOT VALIDATED,unavailable
LAO,Lao People's Democratic Republic,2012-01,2026-06,171,30,57,NOT READY,NOT ELIGIBLE,NOT VALIDATED,unavailable
LBN,Lebanon,2012-01,2026-06,156,54,54,NOT READY,NOT ELIGIBLE,NOT VALIDATED,unavailable
LBR,Liberia,2012-01,2026-06,108,6,45,NOT READY,NOT ELIGIBLE,NOT VALIDATED,unavailable
LBY,Libya,2012-02,2026-06,152,66,60,CANDIDATE FOR METHOD VALIDATION,LIMITED,NOT VALIDATED,unavailable
LCA,Saint Lucia,2019-02,2026-06,22,1,18,NOT READY,NOT ELIGIBLE,NOT VALIDATED,unavailable
LKA,Sri Lanka,2012-01,2026-06,171,59,59,NOT READY,NOT ELIGIBLE,NOT VALIDATED,unavailable
LSO,Lesotho,2012-01,2026-06,165,6,56,NOT READY,NOT ELIGIBLE,NOT VALIDATED,unavailable
LTU,Lithuania,2012-01,2026-05,110,0,22,NOT READY,NOT ELIGIBLE,NOT VALIDATED,unavailable
LUX,Luxembourg,2012-01,2026-04,102,0,16,NOT READY,NOT ELIGIBLE,NOT VALIDATED,unavailable
LVA,Latvia,2012-01,2026-06,102,5,10,NOT READY,NOT ELIGIBLE,NOT VALIDATED,unavailable
MAR,Morocco,2012-01,2026-06,172,51,59,NOT READY,NOT ELIGIBLE,NOT VALIDATED,unavailable
MCO,Monaco,2012-01,2024-04,3,0,2,NOT READY,NOT ELIGIBLE,NOT VALIDATED,unavailable
MDA,Republic of Moldova,2012-01,2026-05,125,0,53,NOT READY,NOT ELIGIBLE,NOT VALIDATED,unavailable
MDG,Madagascar,2012-01,2026-06,174,174,60,CANDIDATE FOR METHOD VALIDATION,LIMITED,NOT VALIDATED,unavailable
MDV,Maldives,2012-01,2026-06,157,47,59,NOT READY,NOT ELIGIBLE,NOT VALIDATED,unavailable
MEX,Mexico,2014-01,2026-06,138,90,60,CANDIDATE FOR METHOD VALIDATION,LIMITED,NOT VALIDATED,unavailable
MHL,Marshall Islands,2012-12,2026-06,15,1,6,NOT READY,NOT ELIGIBLE,NOT VALIDATED,unavailable
MKD,North Macedonia,2012-01,2024-08,127,0,20,NOT READY,NOT ELIGIBLE,NOT VALIDATED,unavailable
MLI,Mali,2012-01,2026-05,173,0,59,NOT READY,NOT ELIGIBLE,NOT VALIDATED,unavailable
MLT,Malta,2012-01,2024-09,88,0,6,NOT READY,NOT ELIGIBLE,NOT VALIDATED,unavailable
MMR,Myanmar,2012-01,2026-06,146,52,56,NOT READY,NOT ELIGIBLE,NOT VALIDATED,unavailable
MNE,Montenegro,2012-03,2026-05,96,0,34,NOT READY,NOT ELIGIBLE,NOT VALIDATED,unavailable
MNG,Mongolia,2012-01,2026-06,160,45,51,NOT READY,NOT ELIGIBLE,NOT VALIDATED,unavailable
MOZ,Mozambique,2012-01,2026-06,167,78,60,CANDIDATE FOR METHOD VALIDATION,LIMITED,NOT VALIDATED,unavailable
MRT,Mauritania,2012-01,2026-05,106,0,42,NOT READY,NOT ELIGIBLE,NOT VALIDATED,unavailable
MWI,Malawi,2012-01,2026-06,163,6,54,NOT READY,NOT ELIGIBLE,NOT VALIDATED,unavailable
MYS,Malaysia,2012-01,2026-06,174,174,60,CANDIDATE FOR METHOD VALIDATION,LIMITED,NOT VALIDATED,unavailable
NAM,Namibia,2012-01,2026-05,161,0,57,NOT READY,NOT ELIGIBLE,NOT VALIDATED,unavailable
NER,Niger,2012-01,2026-06,171,30,58,NOT READY,NOT ELIGIBLE,NOT VALIDATED,unavailable
NGA,Nigeria,2012-01,2026-05,173,0,59,NOT READY,NOT ELIGIBLE,NOT VALIDATED,unavailable
NIC,Nicaragua,2015-01,2025-04,124,0,46,NOT READY,NOT ELIGIBLE,NOT VALIDATED,unavailable
NIU,Niue,2012-12,2026-06,15,1,6,NOT READY,NOT ELIGIBLE,NOT VALIDATED,unavailable
NLD,Netherlands (Kingdom of the),2012-01,2026-05,124,0,35,NOT READY,NOT ELIGIBLE,NOT VALIDATED,unavailable
NOR,Norway,2012-01,2026-05,98,0,12,NOT READY,NOT ELIGIBLE,NOT VALIDATED,unavailable
NPL,Nepal,2012-01,2026-06,174,174,60,CANDIDATE FOR METHOD VALIDATION,LIMITED,NOT VALIDATED,unavailable
NRU,Naoero,2012-12,2026-06,15,1,6,NOT READY,NOT ELIGIBLE,NOT VALIDATED,unavailable
NZL,New Zealand,2012-01,2026-06,156,51,57,NOT READY,NOT ELIGIBLE,NOT VALIDATED,unavailable
OMN,Oman,2012-01,2026-05,173,0,59,NOT READY,NOT ELIGIBLE,NOT VALIDATED,unavailable
PAK,Pakistan,2012-01,2026-06,174,174,60,CANDIDATE FOR METHOD VALIDATION,LIMITED,NOT VALIDATED,unavailable
PAN,Panama,2015-01,2026-06,130,52,57,NOT READY,NOT ELIGIBLE,NOT VALIDATED,unavailable
PER,Peru,2015-01,2026-06,136,69,60,CANDIDATE FOR METHOD VALIDATION,LIMITED,NOT VALIDATED,unavailable
PHL,Philippines,2012-01,2026-06,174,174,60,CANDIDATE FOR METHOD VALIDATION,LIMITED,NOT VALIDATED,unavailable
PLW,Palau,2012-12,2026-06,15,1,6,NOT READY,NOT ELIGIBLE,NOT VALIDATED,unavailable
PNG,Papua New Guinea,2012-01,2026-03,137,0,41,NOT READY,NOT ELIGIBLE,NOT VALIDATED,unavailable
POL,Poland,2012-01,2026-06,62,33,39,NOT READY,NOT ELIGIBLE,NOT VALIDATED,unavailable
PRK,Democratic People's Republic of Korea,2012-01,2026-04,151,0,58,NOT READY,NOT ELIGIBLE,NOT VALIDATED,unavailable
PRT,Portugal,2012-01,2026-06,154,9,50,NOT READY,NOT ELIGIBLE,NOT VALIDATED,unavailable
PRY,Paraguay,2015-01,2026-06,138,138,60,CANDIDATE FOR METHOD VALIDATION,LIMITED,NOT VALIDATED,unavailable
QAT,Qatar,2012-01,2026-06,162,59,59,NOT READY,NOT ELIGIBLE,NOT VALIDATED,unavailable
ROU,Romania,2012-01,2026-06,145,1,49,NOT READY,NOT ELIGIBLE,NOT VALIDATED,unavailable
RUS,Russian Federation,2012-01,2026-06,171,126,60,CANDIDATE FOR METHOD VALIDATION,LIMITED,NOT VALIDATED,unavailable
RWA,Rwanda,2012-01,2026-06,172,18,58,NOT READY,NOT ELIGIBLE,NOT VALIDATED,unavailable
SAU,Saudi Arabia,2012-01,2026-01,165,0,52,NOT READY,NOT ELIGIBLE,NOT VALIDATED,unavailable
SDN,Sudan,2012-01,2026-06,172,54,59,NOT READY,NOT ELIGIBLE,NOT VALIDATED,unavailable
SEN,Senegal,2012-01,2026-06,172,70,60,CANDIDATE FOR METHOD VALIDATION,LIMITED,NOT VALIDATED,unavailable
SGP,Singapore,2012-01,2026-06,166,34,54,NOT READY,NOT ELIGIBLE,NOT VALIDATED,unavailable
SLB,Solomon Islands,2012-12,2026-06,21,1,9,NOT READY,NOT ELIGIBLE,NOT VALIDATED,unavailable
SLE,Sierra Leone,2012-01,2025-10,142,0,47,NOT READY,NOT ELIGIBLE,NOT VALIDATED,unavailable
SLV,El Salvador,2015-01,2026-06,105,55,55,NOT READY,NOT ELIGIBLE,NOT VALIDATED,unavailable
SMR,San Marino,2017-01,2024-06,37,0,2,NOT READY,NOT ELIGIBLE,NOT VALIDATED,unavailable
SOM,Somalia,2012-01,2026-05,161,0,58,NOT READY,NOT ELIGIBLE,NOT VALIDATED,unavailable
SRB,Serbia,2012-01,2026-06,147,32,53,NOT READY,NOT ELIGIBLE,NOT VALIDATED,unavailable
SSD,South Sudan,2012-01,2026-06,137,6,46,NOT READY,NOT ELIGIBLE,NOT VALIDATED,unavailable
STP,Sao Tome and Principe,2014-02,2022-05,9,0,1,NOT READY,NOT ELIGIBLE,NOT VALIDATED,unavailable
SUR,Suriname,2015-01,2026-05,29,0,5,NOT READY,NOT ELIGIBLE,NOT VALIDATED,unavailable
SVK,Slovakia,2012-01,2026-04,136,0,31,NOT READY,NOT ELIGIBLE,NOT VALIDATED,unavailable
SVN,Slovenia,2012-01,2025-06,101,0,8,NOT READY,NOT ELIGIBLE,NOT VALIDATED,unavailable
SWE,Sweden,2012-01,2026-04,115,0,27,NOT READY,NOT ELIGIBLE,NOT VALIDATED,unavailable
SWZ,Eswatini,2012-01,2026-06,163,6,57,NOT READY,NOT ELIGIBLE,NOT VALIDATED,unavailable
SYC,Seychelles,2017-11,2020-06,12,0,0,NOT READY,NOT ELIGIBLE,NOT VALIDATED,unavailable
SYR,Syrian Arab Republic,2012-01,2026-06,171,150,60,CANDIDATE FOR METHOD VALIDATION,LIMITED,NOT VALIDATED,unavailable
TCD,Chad,2012-01,2026-04,155,0,58,NOT READY,NOT ELIGIBLE,NOT VALIDATED,unavailable
TGO,Togo,2012-01,2026-06,174,174,60,CANDIDATE FOR METHOD VALIDATION,LIMITED,NOT VALIDATED,unavailable
THA,Thailand,2012-01,2026-06,174,174,60,CANDIDATE FOR METHOD VALIDATION,LIMITED,NOT VALIDATED,unavailable
TJK,Tajikistan,2012-03,2026-06,150,31,57,NOT READY,NOT ELIGIBLE,NOT VALIDATED,unavailable
TKM,Turkmenistan,2012-01,2026-06,129,18,56,NOT READY,NOT ELIGIBLE,NOT VALIDATED,unavailable
TLS,Timor-Leste,2012-01,2026-06,163,6,58,NOT READY,NOT ELIGIBLE,NOT VALIDATED,unavailable
TON,Tonga,2012-12,2026-06,16,1,6,NOT READY,NOT ELIGIBLE,NOT VALIDATED,unavailable
TTO,Trinidad and Tobago,2015-01,2026-06,48,5,24,NOT READY,NOT ELIGIBLE,NOT VALIDATED,unavailable
TUN,Tunisia,2012-01,2026-06,171,54,57,NOT READY,NOT ELIGIBLE,NOT VALIDATED,unavailable
TUR,Türkiye,2012-01,2026-06,171,115,60,CANDIDATE FOR METHOD VALIDATION,LIMITED,NOT VALIDATED,unavailable
TUV,Tuvalu,2012-12,2026-06,15,1,6,NOT READY,NOT ELIGIBLE,NOT VALIDATED,unavailable
TZA,United Republic of Tanzania,2012-01,2026-06,173,162,60,CANDIDATE FOR METHOD VALIDATION,LIMITED,NOT VALIDATED,unavailable
UGA,Uganda,2012-01,2026-06,173,6,59,NOT READY,NOT ELIGIBLE,NOT VALIDATED,unavailable
UKR,Ukraine,2012-01,2026-06,169,117,60,CANDIDATE FOR METHOD VALIDATION,LIMITED,NOT VALIDATED,unavailable
URY,Uruguay,2015-03,2026-06,63,15,34,NOT READY,NOT ELIGIBLE,NOT VALIDATED,unavailable
USA,United States of America,2014-01,2026-06,138,126,60,CANDIDATE FOR METHOD VALIDATION,LIMITED,NOT VALIDATED,unavailable
UZB,Uzbekistan,2012-01,2025-11,121,0,44,NOT READY,NOT ELIGIBLE,NOT VALIDATED,unavailable
VCT,Saint Vincent and the Grenadines,2017-04,2025-11,9,0,4,NOT READY,NOT ELIGIBLE,NOT VALIDATED,unavailable
VEN,Venezuela (Bolivarian Republic of),2015-01,2025-12,124,0,46,NOT READY,NOT ELIGIBLE,NOT VALIDATED,unavailable
VNM,Viet Nam,2012-01,2025-02,158,0,44,NOT READY,NOT ELIGIBLE,NOT VALIDATED,unavailable
VUT,Vanuatu,2012-12,2026-06,18,1,3,NOT READY,NOT ELIGIBLE,NOT VALIDATED,unavailable
WSM,Samoa,2012-12,2026-06,17,1,8,NOT READY,NOT ELIGIBLE,NOT VALIDATED,unavailable
YEM,Yemen,2012-01,2026-06,173,66,60,CANDIDATE FOR METHOD VALIDATION,LIMITED,NOT VALIDATED,unavailable
ZAF,South Africa,2012-01,2026-06,166,6,57,NOT READY,NOT ELIGIBLE,NOT VALIDATED,unavailable
ZMB,Zambia,2012-01,2026-06,162,6,56,NOT READY,NOT ELIGIBLE,NOT VALIDATED,unavailable
ZWE,Zimbabwe,2012-01,2026-06,158,6,49,NOT READY,NOT ELIGIBLE,NOT VALIDATED,unavailable
